{
  "Bestsellers" : {
    "transaction" : "Bestsellers",
    "sampleCount" : 20,
    "errorCount" : 3,
    "errorPct" : 15.0,
    "meanResTime" : 771.4,
    "medianResTime" : 552.0,
    "minResTime" : 235.0,
    "maxResTime" : 2166.0,
    "pct1ResTime" : 1591.4,
    "pct2ResTime" : 2137.3499999999995,
    "pct3ResTime" : 2166.0,
    "throughput" : 2.4761668936486316,
    "receivedKBytesPerSec" : 165.06675010833231,
    "sentKBytesPerSec" : 0.37722855020428375
  },
  "Gift-card" : {
    "transaction" : "Gift-card",
    "sampleCount" : 20,
    "errorCount" : 0,
    "errorPct" : 0.0,
    "meanResTime" : 408.59999999999997,
    "medianResTime" : 337.5,
    "minResTime" : 295.0,
    "maxResTime" : 807.0,
    "pct1ResTime" : 739.2000000000003,
    "pct2ResTime" : 804.15,
    "pct3ResTime" : 807.0,
    "throughput" : 2.717391304347826,
    "receivedKBytesPerSec" : 82.24686332370923,
    "sentKBytesPerSec" : 0.4617442255434782
  },
  "HomePage" : {
    "transaction" : "HomePage",
    "sampleCount" : 19,
    "errorCount" : 6,
    "errorPct" : 31.578947,
    "meanResTime" : 1390.4210526315787,
    "medianResTime" : 1092.0,
    "minResTime" : 507.0,
    "maxResTime" : 2648.0,
    "pct1ResTime" : 2539.0,
    "pct2ResTime" : 2648.0,
    "pct3ResTime" : 2648.0,
    "throughput" : 1.8540202966432475,
    "receivedKBytesPerSec" : 124.7955965493267,
    "sentKBytesPerSec" : 0.21183630342505858
  },
  "Total" : {
    "transaction" : "Total",
    "sampleCount" : 59,
    "errorCount" : 9,
    "errorPct" : 15.254237,
    "meanResTime" : 847.7627118644066,
    "medianResTime" : 557.0,
    "minResTime" : 235.0,
    "maxResTime" : 2648.0,
    "pct1ResTime" : 2166.0,
    "pct2ResTime" : 2256.0,
    "pct3ResTime" : 2648.0,
    "throughput" : 5.342751064022458,
    "receivedKBytesPerSec" : 291.3598051367382,
    "sentKBytesPerSec" : 0.7802418670198317
  }
}